[
{
  "model": "webapp.status",
  "pk": 1,
  "fields": {
    "title": "New",
    "created_at": "2022-10-06T05:31:09.578Z",
    "updated_at": "2022-10-06T05:31:09.578Z"
  }
},
{
  "model": "webapp.status",
  "pk": 2,
  "fields": {
    "title": "In progress",
    "created_at": "2022-10-06T05:31:35.805Z",
    "updated_at": "2022-10-06T05:31:35.805Z"
  }
},
{
  "model": "webapp.status",
  "pk": 3,
  "fields": {
    "title": "Done",
    "created_at": "2022-10-06T05:31:44.416Z",
    "updated_at": "2022-10-06T05:31:44.416Z"
  }
},
{
  "model": "webapp.project",
  "pk": 1,
  "fields": {
    "started_at": "2022-10-15",
    "finished_at": "2022-12-25",
    "title": "Test normal project",
    "description": "description project project",
    "created_at": "2022-10-13T00:00:00Z",
    "updated_at": "2022-10-14T05:31:42.799Z",
    "deleted_at": null,
    "is_deleted": false,
    "users": [
      1
    ]
  }
},
{
  "model": "webapp.project",
  "pk": 3,
  "fields": {
    "started_at": "2022-11-25",
    "finished_at": null,
    "title": "New project number 234",
    "description": "description for new project 234",
    "created_at": "2022-10-14T07:28:57.219Z",
    "updated_at": "2022-10-14T07:28:57.219Z",
    "deleted_at": null,
    "is_deleted": false,
    "users": []
  }
},
{
  "model": "webapp.project",
  "pk": 4,
  "fields": {
    "started_at": "2022-10-25",
    "finished_at": null,
    "title": "new eieiie djdjjd",
    "description": "c,mncnn  jfjfjjf djjdjj  kkkdd",
    "created_at": "2022-10-14T08:17:24.958Z",
    "updated_at": "2022-10-14T08:17:24.958Z",
    "deleted_at": null,
    "is_deleted": false,
    "users": []
  }
},
{
  "model": "webapp.project",
  "pk": 5,
  "fields": {
    "started_at": "2022-11-25",
    "finished_at": null,
    "title": "New project for control",
    "description": "Description for control test 1",
    "created_at": "2022-10-21T06:33:25.335Z",
    "updated_at": "2022-10-21T06:34:22.297Z",
    "deleted_at": null,
    "is_deleted": false,
    "users": []
  }
},
{
  "model": "webapp.type",
  "pk": 1,
  "fields": {
    "title": "Task",
    "created_at": "2022-10-06T05:31:56.850Z",
    "updated_at": "2022-10-06T05:31:56.850Z"
  }
},
{
  "model": "webapp.type",
  "pk": 2,
  "fields": {
    "title": "Bug",
    "created_at": "2022-10-06T05:32:05.470Z",
    "updated_at": "2022-10-06T05:32:05.470Z"
  }
},
{
  "model": "webapp.type",
  "pk": 3,
  "fields": {
    "title": "Enhancement",
    "created_at": "2022-10-06T05:32:18.797Z",
    "updated_at": "2022-10-06T05:32:18.797Z"
  }
},
{
  "model": "webapp.issue",
  "pk": 4,
  "fields": {
    "summary": "Issue 32",
    "description": "Description issue 32",
    "created_at": "2022-03-06T05:45:53.652Z",
    "updated_at": "2022-10-14T06:39:41.120Z",
    "status": 1,
    "deleted_at": "2022-10-14T06:39:41.119Z",
    "is_deleted": true,
    "project": 1,
    "type": [
      2
    ]
  }
},
{
  "model": "webapp.issue",
  "pk": 6,
  "fields": {
    "summary": "To buy a car",
    "description": "find my dream car",
    "created_at": "2022-10-06T05:48:39.082Z",
    "updated_at": "2022-10-06T05:48:39.082Z",
    "status": 2,
    "deleted_at": null,
    "is_deleted": false,
    "project": 1,
    "type": []
  }
},
{
  "model": "webapp.issue",
  "pk": 7,
  "fields": {
    "summary": "Add title bug",
    "description": "23",
    "created_at": "2022-09-07T07:00:43.462Z",
    "updated_at": "2022-10-07T07:00:43.462Z",
    "status": 1,
    "deleted_at": null,
    "is_deleted": false,
    "project": 1,
    "type": []
  }
},
{
  "model": "webapp.issue",
  "pk": 8,
  "fields": {
    "summary": "Read book cccc",
    "description": "ddedmmff  kfkfkkf  fkkkfff cccc",
    "created_at": "2022-10-07T07:10:31.841Z",
    "updated_at": "2022-10-11T07:10:31.841Z",
    "status": 2,
    "deleted_at": null,
    "is_deleted": false,
    "project": 1,
    "type": []
  }
},
{
  "model": "webapp.issue",
  "pk": 9,
  "fields": {
    "summary": "Issue 321",
    "description": "summary",
    "created_at": "2022-10-07T07:28:19.435Z",
    "updated_at": "2022-10-07T07:28:19.435Z",
    "status": 1,
    "deleted_at": null,
    "is_deleted": true,
    "project": 1,
    "type": []
  }
},
{
  "model": "webapp.issue",
  "pk": 10,
  "fields": {
    "summary": "Add title",
    "description": "Add title in field Create for table atything",
    "created_at": "2022-10-07T07:56:23.984Z",
    "updated_at": "2022-10-07T07:56:23.985Z",
    "status": 1,
    "deleted_at": null,
    "is_deleted": false,
    "project": 1,
    "type": []
  }
},
{
  "model": "webapp.issue",
  "pk": 11,
  "fields": {
    "summary": "Read book buggg",
    "description": "12",
    "created_at": "2022-10-07T12:06:11.005Z",
    "updated_at": "2022-10-11T04:54:13.881Z",
    "status": 3,
    "deleted_at": "2022-10-11T04:54:13.880Z",
    "is_deleted": true,
    "project": 1,
    "type": []
  }
},
{
  "model": "webapp.issue",
  "pk": 13,
  "fields": {
    "summary": "Read book",
    "description": "Read book",
    "created_at": "2022-10-07T12:07:02.867Z",
    "updated_at": "2022-10-11T04:50:07.981Z",
    "status": 2,
    "deleted_at": "2022-10-11T04:50:07.981Z",
    "is_deleted": true,
    "project": 1,
    "type": [
      2,
      3
    ]
  }
},
{
  "model": "webapp.issue",
  "pk": 14,
  "fields": {
    "summary": "Read book bug",
    "description": "Read book",
    "created_at": "2022-10-07T12:07:17.832Z",
    "updated_at": "2022-10-07T12:07:17.846Z",
    "status": 2,
    "deleted_at": null,
    "is_deleted": false,
    "project": 1,
    "type": [
      2,
      3
    ]
  }
},
{
  "model": "webapp.issue",
  "pk": 15,
  "fields": {
    "summary": "Read book",
    "description": "12 repeat",
    "created_at": "2022-10-07T12:07:39.967Z",
    "updated_at": "2022-10-07T12:07:39.990Z",
    "status": 3,
    "deleted_at": null,
    "is_deleted": false,
    "project": 1,
    "type": [
      2,
      3
    ]
  }
},
{
  "model": "webapp.issue",
  "pk": 16,
  "fields": {
    "summary": "Read book",
    "description": "12",
    "created_at": "2022-10-07T12:07:56.013Z",
    "updated_at": "2022-10-07T12:07:56.042Z",
    "status": 2,
    "deleted_at": null,
    "is_deleted": false,
    "project": 1,
    "type": [
      2,
      3
    ]
  }
},
{
  "model": "webapp.issue",
  "pk": 18,
  "fields": {
    "summary": "Read book",
    "description": "repeat for me please ",
    "created_at": "2022-10-07T12:09:56.348Z",
    "updated_at": "2022-10-07T12:09:56.378Z",
    "status": 2,
    "deleted_at": null,
    "is_deleted": false,
    "project": 1,
    "type": [
      2,
      3
    ]
  }
},
{
  "model": "webapp.issue",
  "pk": 19,
  "fields": {
    "summary": "Add title",
    "description": "rtf",
    "created_at": "2022-10-07T12:22:07.035Z",
    "updated_at": "2022-10-07T12:22:07.100Z",
    "status": 3,
    "deleted_at": null,
    "is_deleted": false,
    "project": 1,
    "type": [
      2,
      3
    ]
  }
},
{
  "model": "webapp.issue",
  "pk": 20,
  "fields": {
    "summary": "Add title",
    "description": "rtf",
    "created_at": "2022-10-07T12:22:26.382Z",
    "updated_at": "2022-10-07T12:22:26.408Z",
    "status": 3,
    "deleted_at": null,
    "is_deleted": false,
    "project": 1,
    "type": [
      2,
      3
    ]
  }
},
{
  "model": "webapp.issue",
  "pk": 22,
  "fields": {
    "summary": "ssss",
    "description": "sssssssssssssss",
    "created_at": "2022-10-11T04:18:52.681Z",
    "updated_at": "2022-10-11T04:18:52.714Z",
    "status": 2,
    "deleted_at": null,
    "is_deleted": false,
    "project": 1,
    "type": [
      2
    ]
  }
},
{
  "model": "webapp.issue",
  "pk": 23,
  "fields": {
    "summary": "Add books",
    "description": "Add books",
    "created_at": "2022-10-11T05:07:54.306Z",
    "updated_at": "2022-10-11T05:07:54.326Z",
    "status": 2,
    "deleted_at": null,
    "is_deleted": false,
    "project": 1,
    "type": [
      3
    ]
  }
},
{
  "model": "webapp.issue",
  "pk": 24,
  "fields": {
    "summary": "start learning franch",
    "description": "Decription descript deescript",
    "created_at": "2022-10-11T05:08:44.635Z",
    "updated_at": "2022-10-13T11:55:55.400Z",
    "status": 2,
    "deleted_at": null,
    "is_deleted": false,
    "project": 1,
    "type": [
      2
    ]
  }
},
{
  "model": "webapp.issue",
  "pk": 25,
  "fields": {
    "summary": "Issue 234",
    "description": "Issue 123",
    "created_at": "2022-10-11T05:09:28.876Z",
    "updated_at": "2022-10-11T05:09:28.905Z",
    "status": 1,
    "deleted_at": null,
    "is_deleted": true,
    "project": 1,
    "type": [
      2,
      3
    ]
  }
},
{
  "model": "webapp.issue",
  "pk": 26,
  "fields": {
    "summary": "start learning english",
    "description": "aassssss dfffffffff fffffffffffff ffffffffffffffff",
    "created_at": "2022-10-11T05:10:07.760Z",
    "updated_at": "2022-10-11T11:54:01.314Z",
    "status": 1,
    "deleted_at": null,
    "is_deleted": false,
    "project": 1,
    "type": [
      2
    ]
  }
},
{
  "model": "webapp.issue",
  "pk": 27,
  "fields": {
    "summary": "start learning english",
    "description": "xxxxxxxxxxx ffffffffff fffffffffffffffff",
    "created_at": "2022-10-11T11:53:29.567Z",
    "updated_at": "2022-10-14T05:47:40.149Z",
    "status": 2,
    "deleted_at": "2022-10-14T05:47:40.148Z",
    "is_deleted": true,
    "project": 1,
    "type": [
      2
    ]
  }
},
{
  "model": "webapp.issue",
  "pk": 28,
  "fields": {
    "summary": "Issue 2324",
    "description": "Desre sgsgg shhh sjjss",
    "created_at": "2022-10-13T11:56:15.205Z",
    "updated_at": "2022-10-14T06:04:43.174Z",
    "status": 1,
    "deleted_at": "2022-10-14T06:04:43.174Z",
    "is_deleted": true,
    "project": 1,
    "type": [
      2
    ]
  }
},
{
  "model": "webapp.issue",
  "pk": 29,
  "fields": {
    "summary": "Do something to be good",
    "description": "description do something to be good",
    "created_at": "2022-10-14T07:22:03.272Z",
    "updated_at": "2022-10-14T08:05:56.762Z",
    "status": 1,
    "deleted_at": null,
    "is_deleted": false,
    "project": 3,
    "type": [
      3
    ]
  }
},
{
  "model": "webapp.issue",
  "pk": 30,
  "fields": {
    "summary": "This issue for new project 234",
    "description": "this description for new project 234 and anything good",
    "created_at": "2022-10-14T07:30:10.811Z",
    "updated_at": "2022-10-14T07:30:10.811Z",
    "status": 1,
    "deleted_at": null,
    "is_deleted": false,
    "project": 3,
    "type": []
  }
},
{
  "model": "webapp.issue",
  "pk": 32,
  "fields": {
    "summary": "dfffff",
    "description": "fffffffff ffffffffffff",
    "created_at": "2022-10-14T08:17:36.559Z",
    "updated_at": "2022-10-14T08:17:36.559Z",
    "status": 2,
    "deleted_at": null,
    "is_deleted": false,
    "project": 4,
    "type": []
  }
},
{
  "model": "webapp.issue",
  "pk": 33,
  "fields": {
    "summary": "Read book",
    "description": "description full",
    "created_at": "2022-10-21T06:33:40.918Z",
    "updated_at": "2022-10-21T06:33:40.918Z",
    "status": 1,
    "deleted_at": null,
    "is_deleted": false,
    "project": 5,
    "type": []
  }
},
{
  "model": "auth.permission",
  "pk": 1,
  "fields": {
    "name": "Can add log entry",
    "content_type": 1,
    "codename": "add_logentry"
  }
},
{
  "model": "auth.permission",
  "pk": 2,
  "fields": {
    "name": "Can change log entry",
    "content_type": 1,
    "codename": "change_logentry"
  }
},
{
  "model": "auth.permission",
  "pk": 3,
  "fields": {
    "name": "Can delete log entry",
    "content_type": 1,
    "codename": "delete_logentry"
  }
},
{
  "model": "auth.permission",
  "pk": 4,
  "fields": {
    "name": "Can view log entry",
    "content_type": 1,
    "codename": "view_logentry"
  }
},
{
  "model": "auth.permission",
  "pk": 5,
  "fields": {
    "name": "Can add permission",
    "content_type": 2,
    "codename": "add_permission"
  }
},
{
  "model": "auth.permission",
  "pk": 6,
  "fields": {
    "name": "Can change permission",
    "content_type": 2,
    "codename": "change_permission"
  }
},
{
  "model": "auth.permission",
  "pk": 7,
  "fields": {
    "name": "Can delete permission",
    "content_type": 2,
    "codename": "delete_permission"
  }
},
{
  "model": "auth.permission",
  "pk": 8,
  "fields": {
    "name": "Can view permission",
    "content_type": 2,
    "codename": "view_permission"
  }
},
{
  "model": "auth.permission",
  "pk": 9,
  "fields": {
    "name": "Can add group",
    "content_type": 3,
    "codename": "add_group"
  }
},
{
  "model": "auth.permission",
  "pk": 10,
  "fields": {
    "name": "Can change group",
    "content_type": 3,
    "codename": "change_group"
  }
},
{
  "model": "auth.permission",
  "pk": 11,
  "fields": {
    "name": "Can delete group",
    "content_type": 3,
    "codename": "delete_group"
  }
},
{
  "model": "auth.permission",
  "pk": 12,
  "fields": {
    "name": "Can view group",
    "content_type": 3,
    "codename": "view_group"
  }
},
{
  "model": "auth.permission",
  "pk": 13,
  "fields": {
    "name": "Can add user",
    "content_type": 4,
    "codename": "add_user"
  }
},
{
  "model": "auth.permission",
  "pk": 14,
  "fields": {
    "name": "Can change user",
    "content_type": 4,
    "codename": "change_user"
  }
},
{
  "model": "auth.permission",
  "pk": 15,
  "fields": {
    "name": "Can delete user",
    "content_type": 4,
    "codename": "delete_user"
  }
},
{
  "model": "auth.permission",
  "pk": 16,
  "fields": {
    "name": "Can view user",
    "content_type": 4,
    "codename": "view_user"
  }
},
{
  "model": "auth.permission",
  "pk": 17,
  "fields": {
    "name": "Can add content type",
    "content_type": 5,
    "codename": "add_contenttype"
  }
},
{
  "model": "auth.permission",
  "pk": 18,
  "fields": {
    "name": "Can change content type",
    "content_type": 5,
    "codename": "change_contenttype"
  }
},
{
  "model": "auth.permission",
  "pk": 19,
  "fields": {
    "name": "Can delete content type",
    "content_type": 5,
    "codename": "delete_contenttype"
  }
},
{
  "model": "auth.permission",
  "pk": 20,
  "fields": {
    "name": "Can view content type",
    "content_type": 5,
    "codename": "view_contenttype"
  }
},
{
  "model": "auth.permission",
  "pk": 21,
  "fields": {
    "name": "Can add session",
    "content_type": 6,
    "codename": "add_session"
  }
},
{
  "model": "auth.permission",
  "pk": 22,
  "fields": {
    "name": "Can change session",
    "content_type": 6,
    "codename": "change_session"
  }
},
{
  "model": "auth.permission",
  "pk": 23,
  "fields": {
    "name": "Can delete session",
    "content_type": 6,
    "codename": "delete_session"
  }
},
{
  "model": "auth.permission",
  "pk": 24,
  "fields": {
    "name": "Can view session",
    "content_type": 6,
    "codename": "view_session"
  }
},
{
  "model": "auth.permission",
  "pk": 25,
  "fields": {
    "name": "Can add Status",
    "content_type": 7,
    "codename": "add_status"
  }
},
{
  "model": "auth.permission",
  "pk": 26,
  "fields": {
    "name": "Can change Status",
    "content_type": 7,
    "codename": "change_status"
  }
},
{
  "model": "auth.permission",
  "pk": 27,
  "fields": {
    "name": "Can delete Status",
    "content_type": 7,
    "codename": "delete_status"
  }
},
{
  "model": "auth.permission",
  "pk": 28,
  "fields": {
    "name": "Can view Status",
    "content_type": 7,
    "codename": "view_status"
  }
},
{
  "model": "auth.permission",
  "pk": 29,
  "fields": {
    "name": "Can add type",
    "content_type": 8,
    "codename": "add_type"
  }
},
{
  "model": "auth.permission",
  "pk": 30,
  "fields": {
    "name": "Can change type",
    "content_type": 8,
    "codename": "change_type"
  }
},
{
  "model": "auth.permission",
  "pk": 31,
  "fields": {
    "name": "Can delete type",
    "content_type": 8,
    "codename": "delete_type"
  }
},
{
  "model": "auth.permission",
  "pk": 32,
  "fields": {
    "name": "Can view type",
    "content_type": 8,
    "codename": "view_type"
  }
},
{
  "model": "auth.permission",
  "pk": 33,
  "fields": {
    "name": "Can add issue",
    "content_type": 9,
    "codename": "add_issue"
  }
},
{
  "model": "auth.permission",
  "pk": 34,
  "fields": {
    "name": "Can change issue",
    "content_type": 9,
    "codename": "change_issue"
  }
},
{
  "model": "auth.permission",
  "pk": 35,
  "fields": {
    "name": "Can delete issue",
    "content_type": 9,
    "codename": "delete_issue"
  }
},
{
  "model": "auth.permission",
  "pk": 36,
  "fields": {
    "name": "Can view issue",
    "content_type": 9,
    "codename": "view_issue"
  }
},
{
  "model": "auth.permission",
  "pk": 37,
  "fields": {
    "name": "Can add project",
    "content_type": 10,
    "codename": "add_project"
  }
},
{
  "model": "auth.permission",
  "pk": 38,
  "fields": {
    "name": "Can change project",
    "content_type": 10,
    "codename": "change_project"
  }
},
{
  "model": "auth.permission",
  "pk": 39,
  "fields": {
    "name": "Can delete project",
    "content_type": 10,
    "codename": "delete_project"
  }
},
{
  "model": "auth.permission",
  "pk": 40,
  "fields": {
    "name": "Can view project",
    "content_type": 10,
    "codename": "view_project"
  }
},
{
  "model": "auth.group",
  "pk": 1,
  "fields": {
    "name": "Project Manager",
    "permissions": []
  }
},
{
  "model": "auth.group",
  "pk": 2,
  "fields": {
    "name": "Team Lead",
    "permissions": []
  }
},
{
  "model": "auth.group",
  "pk": 3,
  "fields": {
    "name": "Developer",
    "permissions": []
  }
},
{
  "model": "auth.user",
  "pk": 1,
  "fields": {
    "password": "pbkdf2_sha256$390000$T501b3PCe5125AXH3NYWkQ$XlscSVo3lc1hV8Mr9WMt4aBhsdCOrkxqwh27+USjjPg=",
    "last_login": "2022-10-25T11:28:53.165Z",
    "is_superuser": true,
    "username": "root",
    "first_name": "",
    "last_name": "",
    "email": "",
    "is_staff": true,
    "is_active": true,
    "date_joined": "2022-10-06T04:03:16.299Z",
    "groups": [],
    "user_permissions": []
  }
},
{
  "model": "auth.user",
  "pk": 2,
  "fields": {
    "password": "pbkdf2_sha256$390000$DbDLuExL70ukqW5lziYq8w$2SBk4yPUKU4a9KV9PDOberkQUb27alXTZVB9UYW6DYA=",
    "last_login": "2022-10-25T06:53:07.609Z",
    "is_superuser": false,
    "username": "admin",
    "first_name": "ss",
    "last_name": "",
    "email": "kiid@email.com",
    "is_staff": false,
    "is_active": true,
    "date_joined": "2022-10-25T06:53:07.147Z",
    "groups": [],
    "user_permissions": []
  }
},
{
  "model": "auth.user",
  "pk": 3,
  "fields": {
    "password": "pbkdf2_sha256$390000$c1MF8VmcxRjqBUdwdVSCPG$ig1ZiWLIOsK2mt/1FyYa0eXqceA+82vVOpRE1yvyTr4=",
    "last_login": "2022-10-25T07:02:58Z",
    "is_superuser": false,
    "username": "user1",
    "first_name": "first name",
    "last_name": "last name",
    "email": "kiid@email.com",
    "is_staff": false,
    "is_active": true,
    "date_joined": "2022-10-25T07:02:58Z",
    "groups": [
      3
    ],
    "user_permissions": []
  }
},
{
  "model": "auth.user",
  "pk": 4,
  "fields": {
    "password": "pbkdf2_sha256$390000$U08GbY1XM7XbwBPRirsTa1$bqcTNafOE4a0bqqWqLVcMzwi+Y12JGB21bpYAarvlXM=",
    "last_login": "2022-10-25T07:05:21Z",
    "is_superuser": false,
    "username": "user2",
    "first_name": "first",
    "last_name": "last",
    "email": "kiid@email.com",
    "is_staff": false,
    "is_active": true,
    "date_joined": "2022-10-25T07:05:21Z",
    "groups": [
      1
    ],
    "user_permissions": []
  }
},
{
  "model": "auth.user",
  "pk": 5,
  "fields": {
    "password": "pbkdf2_sha256$390000$HQnZ6bsRBmM6zFOOi6HZaI$H1p/5+sUGxQSS8ErkVbj0abd7jMKLr3PrJbra7WsAgg=",
    "last_login": "2022-10-25T07:06:21Z",
    "is_superuser": false,
    "username": "user3",
    "first_name": "fi",
    "last_name": "s",
    "email": "kiid@email.com",
    "is_staff": false,
    "is_active": true,
    "date_joined": "2022-10-25T07:06:20Z",
    "groups": [
      2
    ],
    "user_permissions": []
  }
},
{
  "model": "auth.user",
  "pk": 6,
  "fields": {
    "password": "pbkdf2_sha256$390000$drWIeMWIj6RepkiFt2Y9Tc$D/rrNYp+wUN/B22JGMrIftwvHsQEClgBN3Mr8kGY7zo=",
    "last_login": "2022-10-25T07:17:25.171Z",
    "is_superuser": false,
    "username": "user4",
    "first_name": "first name",
    "last_name": "llll",
    "email": "kiid@email.com",
    "is_staff": false,
    "is_active": true,
    "date_joined": "2022-10-25T07:17:24.726Z",
    "groups": [],
    "user_permissions": []
  }
},
{
  "model": "auth.user",
  "pk": 7,
  "fields": {
    "password": "pbkdf2_sha256$390000$5BLvCYukRMzqF7TbVi845S$8ggiBggsfYYiV20aoMKfwgTnlGKaMUTiycpdbbgXMI4=",
    "last_login": "2022-10-25T07:18:19.178Z",
    "is_superuser": false,
    "username": "user5",
    "first_name": "qqq",
    "last_name": "",
    "email": "kiid@email.com",
    "is_staff": false,
    "is_active": true,
    "date_joined": "2022-10-25T07:18:18.660Z",
    "groups": [],
    "user_permissions": []
  }
},
{
  "model": "auth.user",
  "pk": 8,
  "fields": {
    "password": "pbkdf2_sha256$390000$Y2NHwK9UCehFnA3VdD0ZpT$TtFjZoO0mhZUognanXmBoiakz5hHPkMkjkAlkPSKXC4=",
    "last_login": "2022-10-25T07:25:54.891Z",
    "is_superuser": false,
    "username": "user7",
    "first_name": "first name",
    "last_name": "last name",
    "email": "kiid@email.com",
    "is_staff": false,
    "is_active": true,
    "date_joined": "2022-10-25T07:25:54.573Z",
    "groups": [],
    "user_permissions": []
  }
},
{
  "model": "auth.user",
  "pk": 9,
  "fields": {
    "password": "pbkdf2_sha256$390000$h8H6O3YiXiUsqlCvegKF3i$YJO1RAZBS8t634m3qlrIbPOvP+JiwEhiW+0G2agrG/8=",
    "last_login": "2022-10-25T07:26:45.007Z",
    "is_superuser": false,
    "username": "user8",
    "first_name": "",
    "last_name": "last",
    "email": "kiid@email.com",
    "is_staff": false,
    "is_active": true,
    "date_joined": "2022-10-25T07:26:44.690Z",
    "groups": [],
    "user_permissions": []
  }
},
{
  "model": "auth.user",
  "pk": 10,
  "fields": {
    "password": "pbkdf2_sha256$390000$Z0DVdhvWrhqrMtmWnZCacD$rd8zJd2wD3xMeADlqrw7OMeLs3BocmX9ik5Sshin9iI=",
    "last_login": "2022-10-25T07:27:33.961Z",
    "is_superuser": false,
    "username": "user9",
    "first_name": "first",
    "last_name": "",
    "email": "kiid@email.com",
    "is_staff": false,
    "is_active": true,
    "date_joined": "2022-10-25T07:27:33.664Z",
    "groups": [],
    "user_permissions": []
  }
},
{
  "model": "auth.user",
  "pk": 11,
  "fields": {
    "password": "pbkdf2_sha256$390000$a7ZfAIYc7ns0jNLJEKHgvS$IxsosxLVPvueiA9zm07BMH7adl0KLmR/yuFyUf8B5Qw=",
    "last_login": "2022-10-25T07:28:13.680Z",
    "is_superuser": false,
    "username": "user10",
    "first_name": "",
    "last_name": "last",
    "email": "kiid@email.com",
    "is_staff": false,
    "is_active": true,
    "date_joined": "2022-10-25T07:28:13.402Z",
    "groups": [],
    "user_permissions": []
  }
},
{
  "model": "auth.user",
  "pk": 12,
  "fields": {
    "password": "pbkdf2_sha256$390000$C22YuTcLyBv1HNUNCH39iR$l9tH5gAHk8Gee3jVFMhi8/tVAx6/nyF/+Jtf/yIZQ1I=",
    "last_login": "2022-10-25T11:44:47.638Z",
    "is_superuser": false,
    "username": "username",
    "first_name": "first",
    "last_name": "",
    "email": "kiid@email.com",
    "is_staff": false,
    "is_active": true,
    "date_joined": "2022-10-25T07:40:30Z",
    "groups": [
      3
    ],
    "user_permissions": []
  }
}
]
